label,text
real,Government announces new education scheme for students
real,University releases examination timetable for final year students
real,New technology research published by scientists
real,College announces placement training program
real,Government launches new scholarship program
fake,Click here and win free money now
fake,You won a lottery claim your prize immediately
fake,Urgent click here to get free cash
fake,100% guaranteed money making trick
fake,Send this message to everyone and become rich